URL,Lần thu thập dữ liệu cuối cùng
https://defiliban.io/0x58bro-shorts-under-pressure-ena-ltc-bnb-btc-eth-hype/,1970-01-01
https://defiliban.io/11-4m-rollblock-presale-vs-386m-blockdag-presale-who-wins/,1970-01-01
https://defiliban.io/115-million-liquidated-crypto-market-60-minutes/,1970-01-01
https://defiliban.io/17m-worth-of-proof-pods-crypto-crowd-cant-keep-calm-as-zero-knowledge-proof-zkp-to-roll-out-hardware-when-ica-opens/,1970-01-01
https://defiliban.io/21shares-dogecoin-etf-launch/,1970-01-01
https://defiliban.io/21shares-launches-spot-dogecoin-etf/,1970-01-01
https://defiliban.io/258m-crypto-liquidations-bitcoin-118m-4-hours/,1970-01-01
https://defiliban.io/3m-daily-miners-and-0-exchanges-how-blockdag-built-cryptos-most-organic-community/,1970-01-01
https://defiliban.io/5-top-crypto-coins-to-buy-now-for-massive-gains-zero-knowledge-proof-zkp-dogecoin-filecoin-polygon-solana/,1970-01-01
https://defiliban.io/800-kw-texas-edition-bitcoin-hash-hut-new-mexico-oil-gas/,1970-01-01
https://defiliban.io/?rb-etemplate=home-footer,1970-01-01
https://defiliban.io/aave-at-320-stellarpad-ai-grows-blockdag-crosses-405m/,1970-01-01
https://defiliban.io/aave-dao-token-ownership-proposal/,1970-01-01
https://defiliban.io/aave-lift-injunction-30766-eth-arbitrum-dao-kelp-victims/,1970-01-01
https://defiliban.io/aave-phase-ii-rseth-recovery-after-attacker-liquidations/,1970-01-01
https://defiliban.io/ada-pi-vs-blockdag-which-is-the-best-long-term-crypto-investment/,1970-01-01
https://defiliban.io/ada-ripple-face-off-as-bdag-396m-presale-signals-momentum/,1970-01-01
https://defiliban.io/ada-steady-sui-climbs-blockdag-announces-september-25-testnet-launch/,1970-01-01
https://defiliban.io/ada-weakens-pump-targets-0-0095-but-blockdags-testnet-steals-the-show/,1970-01-01
https://defiliban.io/admiral-samuel-paparo-bitcoin-national-interest/,1970-01-01
https://defiliban.io/aerodrome-velodrome-merger-aero/,1970-01-01
https://defiliban.io/agridex-stablecoin-trades-africa-2/,1970-01-01
https://defiliban.io/agridex-stablecoin-trades-africa/,1970-01-01
https://defiliban.io/ai-infrastructure-investment-growth/,1970-01-01
https://defiliban.io/ai-stablecoins-quietly-bringing-new-users-into-crypto/,1970-01-01
https://defiliban.io/air-summit-2026-where-artificial-intelligence-powers-the-next-wave-of-innovation/,1970-01-01
https://defiliban.io/algorand-foundation-cuts-staff-crypto-market-uncertainty/,1970-01-01
https://defiliban.io/alphaton-capital-toncoin-treasury-strategy/,1970-01-01
https://defiliban.io/altcoin-etfs-launch-united-states/,1970-01-01
https://defiliban.io/altcoins-that-will-explode-in-2025-eth-xrp-blockdag-hype/,1970-01-01
https://defiliban.io/amundi-100m-tokenized-fund-ethereum/,1970-01-01
https://defiliban.io/antony-turner-the-visionary-ceo-powering-blockdags-nearly-435m-presale-success/,1970-01-01
https://defiliban.io/apollo-coinbase-stablecoin-credit/,1970-01-01
https://defiliban.io/aptos-app-revenue-bitnomial-launch/,1970-01-01
https://defiliban.io/aptos-apps-revenue-million/,1970-01-01
https://defiliban.io/architect-financial-technologies-ax-launch/,1970-01-01
https://defiliban.io/ark-invest-bitcoin-transfers/,1970-01-01
https://defiliban.io/ark-invest-block-inc-shares/,1970-01-01
https://defiliban.io/ark-invest-circle-share-acquisition/,1970-01-01
https://defiliban.io/ark-invest-circle-shares-20-drop/,1970-01-01
https://defiliban.io/ark-invest-crypto-trades-2026/,1970-01-01
https://defiliban.io/ark-invest-tether-holdings-acquisition/,1970-01-01
https://defiliban.io/arkham-morgan-stanley-spot-bitcoin-etf-wallets/,1970-01-01
https://defiliban.io/arthur-hayes-altcoin-season/,1970-01-01
https://defiliban.io/arthur-hayes-eth-transfer-strategy/,1970-01-01
https://defiliban.io/arthur-hayes-ethereum-price-prediction-2/,1970-01-01
https://defiliban.io/arthur-hayes-invests-uni-tokens/,1970-01-01
https://defiliban.io/aster-cryptocurrency-whale-activity/,1970-01-01
https://defiliban.io/aster-eyes-5-bnb-tops-1300-blockdags-430m-surge/,1970-01-01
https://defiliban.io/australia-crypto-trust-decline/,1970-01-01
https://defiliban.io/australias-premier-crypto-event-returns-for-2025-auscryptocon-set-to-transform-sydney-this-november/,1970-01-01
https://defiliban.io/avalanche-etf-cardano-ada-price-potential-and-blockdag-presale-top-crypto-to-buy-in-2025-analysis/,1970-01-01
https://defiliban.io/bahrain-powers-the-next-wave-of-financial-innovation-fintech-revolution-summit-2026-announced-in-manama/,1970-01-01
https://defiliban.io/bank-of-america-bitcoin-allocation/,1970-01-01
https://defiliban.io/based-binance-alpha-listing-2/,1970-01-01
https://defiliban.io/based-binance-alpha-listing/,1970-01-01
https://defiliban.io/bdag-partners-with-inter-milan-us-teams-as-presale-smashes-396m/,1970-01-01
https://defiliban.io/belarus-crypto-payments-milestone/,1970-01-01
https://defiliban.io/bessent-criticizes-powell-interest-rate/,1970-01-01
https://defiliban.io/best-altcoin-to-buy-2025-blockdag-beats-sol-eth-and-bnb-with-massive-growth/,1970-01-01
https://defiliban.io/best-crypto-coins-in-2025-blockdag-dogecoin-pengu-hbar/,1970-01-01
https://defiliban.io/best-crypto-presale-blockdag-blockchainfx-lyno-ai-ozak-ai/,1970-01-01
https://defiliban.io/best-crypto-projects-2025-blockdag-ethereum-binance-xrp/,1970-01-01
https://defiliban.io/best-crypto-to-buy-now-ethereum-holds-4400-as-staking-demand-grows/,1970-01-01
https://defiliban.io/best-crypto-to-invest-in-2025-blockdag-ada-link-and-sui/,1970-01-01
https://defiliban.io/best-performing-cryptos-2025-eth-bnb-blockdag-ada/,1970-01-01
https://defiliban.io/best-presale-coins-of-2025-blockdag-nexchain-ai-t6900-bitcoin-hyper/,1970-01-01
https://defiliban.io/beyond-specialization-why-blockdags-integrated-model-presents-a-superior-investment-case/,1970-01-01
https://defiliban.io/bhutan-bitcoin-reserves-hydropower/,1970-01-01
https://defiliban.io/bhutan-bitcoin-transfers-september-2025/,1970-01-01
https://defiliban.io/bhutan-sells-120m-bitcoin-2026/,1970-01-01
https://defiliban.io/bhutan-sold-70-percent-bitcoin-holdings-18-months/,1970-01-01
https://defiliban.io/bhutan-validator-node-sei-network/,1970-01-01
https://defiliban.io/bifi-fio-fun-mdt-oxt-wan-delisted-binance-spot/,1970-01-01
https://defiliban.io/bill-featured-on-binance-alpha/,1970-01-01
https://defiliban.io/binance-300-million-users/,1970-01-01
https://defiliban.io/binance-adds-new-spot-trading-pairs-april-6-2026/,1970-01-01
https://defiliban.io/binance-alpha-early-access-tokens/,1970-01-01
https://defiliban.io/binance-australia-derivatives-fined-10-million-federal-court-onboarding/,1970-01-01
https://defiliban.io/binance-blockchain-100-awards-2025/,1970-01-01
https://defiliban.io/binance-coin-all-time-high/,1970-01-01
https://defiliban.io/binance-coin-price-decline/,1970-01-01
https://defiliban.io/binance-delist-ata-farm-mln-phb-sys-spot-market/,1970-01-01
https://defiliban.io/binance-franklin-templeton-partnership/,1970-01-01
https://defiliban.io/binance-futures-delist-b3-degen-bobusdtir-dam-usdt-pairs/,1970-01-01
https://defiliban.io/binance-pauses-withdrawals-ukrainian-users/,1970-01-01
https://defiliban.io/binance-record-growth-trading-compliance/,1970-01-01
https://defiliban.io/binance-reintroduce-stock-trading/,1970-01-01
https://defiliban.io/binance-spot-price-range-execution-rule-abnormal-order-execution/,1970-01-01
https://defiliban.io/binance-uae-staff-relocation-hong-kong/,1970-01-01
https://defiliban.io/bipartisan-crypto-tax-bill/,1970-01-01
https://defiliban.io/bitcoin-30-day-realized-losses/,1970-01-01
https://defiliban.io/bitcoin-46-percent-below-ath-cycle-bottom-analysis/,1970-01-01
https://defiliban.io/bitcoin-55k-before-100k-crowded-trade/,1970-01-01
https://defiliban.io/bitcoin-80k-odds-top-60k-polymarket-march/,1970-01-01
https://defiliban.io/bitcoin-altseason-prediction-james-wynn/,1970-01-01
https://defiliban.io/bitcoin-clears-59k-72k-supply-zone-conviction-pending/,1970-01-01
https://defiliban.io/bitcoin-crashes-under-69000-trump-iran-strait-of-hormuz/,1970-01-01
https://defiliban.io/bitcoin-crashes-under-71000-down-5-today/,1970-01-01
https://defiliban.io/bitcoin-etf-flows-today-1d-net-outflow-1488-btc/,1970-01-01
https://defiliban.io/bitcoin-etf-flows-today-1d-netflow-4614-btc-7d-7358-btc/,1970-01-01
https://defiliban.io/bitcoin-etf-flows-today-latest-outflow-analysis/,1970-01-01
https://defiliban.io/bitcoin-etf-flows-today-latest-us-spot-btc-data/,1970-01-01
https://defiliban.io/bitcoin-etf-flows-today-outflow-111m/,1970-01-01
https://defiliban.io/bitcoin-etf-inflows-87k-claim-data-check-april-2026/,1970-01-01
https://defiliban.io/bitcoin-etf-inflows-defi-impact/,1970-01-01
https://defiliban.io/bitcoin-etf-inflows-rebound/,1970-01-01
https://defiliban.io/bitcoin-etf-outflows-171-million-ethereum-etf-inflows-march-26/,1970-01-01
https://defiliban.io/bitcoin-etf-outflows-march-23-27-ethereum-etf-flows/,1970-01-01
https://defiliban.io/bitcoin-eth-drop-defi-liquidation/,1970-01-01
https://defiliban.io/bitcoin-ethereum-etf-flows-mar-18-update/,1970-01-01
https://defiliban.io/bitcoin-ethereum-etf-flows-mar-27/,1970-01-01
https://defiliban.io/bitcoin-ethereum-etf-outflows/,1970-01-01
https://defiliban.io/bitcoin-ethereum-etfs-trading-volume/,1970-01-01
https://defiliban.io/bitcoin-ethereum-options-expiry/,1970-01-01
https://defiliban.io/bitcoin-exchange-reserves-7-year-low-etf-demand/,1970-01-01
https://defiliban.io/bitcoin-falls-below-65000-190-million-crypto-liquidations/,1970-01-01
https://defiliban.io/bitcoin-fear-greed-index-defi/,1970-01-01
https://defiliban.io/bitcoin-global-m2-liquidity/,1970-01-01
https://defiliban.io/bitcoin-gold-outlook-2026/,1970-01-01
https://defiliban.io/bitcoin-halving-reversal-2026/,1970-01-01
https://defiliban.io/bitcoin-institutional-investment-impact/,1970-01-01
https://defiliban.io/bitcoin-liquidation-event/,1970-01-01
https://defiliban.io/bitcoin-longs-bitfinex-2023-high/,1970-01-01
https://defiliban.io/bitcoin-market-insights-rebound-support/,1970-01-01
https://defiliban.io/bitcoin-miner-3pfndg-reportedly-sold-265-btc-after-2-years/,1970-01-01
https://defiliban.io/bitcoin-mining-rewards-sec-protocol-mining-view/,1970-01-01
https://defiliban.io/bitcoin-nears-78k-resistance-glassnode-week-15-2026/,1970-01-01
https://defiliban.io/bitcoin-new-all-time-high/,1970-01-01
https://defiliban.io/bitcoin-overtakes-tesla-market-capitalization/,1970-01-01
https://defiliban.io/bitcoin-price-open-interest-divergence-downside-risk/,1970-01-01
https://defiliban.io/bitcoin-price-pattern-analysis/,1970-01-01
https://defiliban.io/bitcoin-price-prediction-2025/,1970-01-01
https://defiliban.io/bitcoin-price-predictions-q4-2025/,1970-01-01
https://defiliban.io/bitcoin-price-reach-94000-2026/,1970-01-01
https://defiliban.io/bitcoin-price-trends-cme-gap/,1970-01-01
https://defiliban.io/bitcoin-shorts-liquidation-110-million/,1970-01-01
https://defiliban.io/bitcoin-spot-etf-net-outflow-april-7-sosovalue/,1970-01-01
https://defiliban.io/bitcoin-spot-etfs-471m-net-inflow-april-6/,1970-01-01
https://defiliban.io/bitcoin-stress-cycle-ending-not-yet-reversing/,1970-01-01
https://defiliban.io/bitcoin-surges-options-expiry-2/,1970-01-01
https://defiliban.io/bitcoin-surges-options-expiry/,1970-01-01
https://defiliban.io/bitcoin-traders-federal-reserve-rate-cut/,1970-01-01
https://defiliban.io/bitcoin-treasuries-holdings-increase/,1970-01-01
https://defiliban.io/bitcoin-treasury-strategies-adoption/,1970-01-01
https://defiliban.io/bitcoin-verifies-ethereum-zk-proofs/,1970-01-01
https://defiliban.io/bitcoin-whale-accumulation-fear-greed-11/,1970-01-01
https://defiliban.io/bitcoin-whale-moves-btc-to-binance-after-years-of-dormancy/,1970-01-01
https://defiliban.io/bitcoin-xrp-price-predictions/,1970-01-01
https://defiliban.io/bitdeer-ltc-doge-miner-sealminer-dl1/,1970-01-01
https://defiliban.io/bitfinex-bitcoin-price-warning/,1970-01-01
https://defiliban.io/bitget-trading-volume-h1-2025/,1970-01-01
https://defiliban.io/bitget-universal-exchange-vision/,1970-01-01
https://defiliban.io/bitgo-ipo-nyse-crypto/,1970-01-01
https://defiliban.io/bitgo-ipo-raises-212-million/,1970-01-01
https://defiliban.io/bitmain-hosting-agreement-lawsuit/,1970-01-01
https://defiliban.io/bitmine-acquires-eth-holding/,1970-01-01
https://defiliban.io/bitmine-acquires-eth-holdings/,1970-01-01
https://defiliban.io/bitmine-acquires-eth-record-purchase/,1970-01-01
https://defiliban.io/bitmine-acquires-ethereum-eth/,1970-01-01
https://defiliban.io/bitmine-acquires-ethereum-holdings-2/,1970-01-01
https://defiliban.io/bitmine-acquires-ethereum-holdings/,1970-01-01
https://defiliban.io/bitmine-acquires-ethereum-staking/,1970-01-01
https://defiliban.io/bitmine-acquires-ethereum-tokens-3/,1970-01-01
https://defiliban.io/bitmine-ethereum-acquisition-strategy/,1970-01-01
https://defiliban.io/bitmine-ethereum-holdings-acquisition/,1970-01-01
https://defiliban.io/bitmine-ethereum-holdings-milestone/,1970-01-01
https://defiliban.io/bitmine-ethereum-staking-mavan/,1970-01-01
https://defiliban.io/bitmine-immersion-acquires-eth/,1970-01-01
https://defiliban.io/bitmine-increases-ethereum-holdings/,1970-01-01
https://defiliban.io/bitmine-investment-beast-industries/,1970-01-01
https://defiliban.io/bitmine-issues-shares-nyse/,1970-01-01
https://defiliban.io/bitmine-largest-ethereum-treasury/,1970-01-01
https://defiliban.io/bitmine-stakes-61232-eth-worth-142-million-holdings-3395869-eth/,1970-01-01
https://defiliban.io/bitpanda-london-stock-exchange-listing/,1970-01-01
https://defiliban.io/bitplanet-bitcoin-acquisition-south-korea/,1970-01-01
https://defiliban.io/bitso-stablecoins-surpass-bitcoin-latin-america-crypto-volume/,1970-01-01
https://defiliban.io/bitunix-fee-discount-kyc-claims/,1970-01-01
https://defiliban.io/bitwise-files-altcoin-strategy-etfs/,1970-01-01
https://defiliban.io/black-forest-labs-funding-round/,1970-01-01
https://defiliban.io/blackrock-assets-under-management/,1970-01-01
https://defiliban.io/blackrock-bitcoin-ethereum-transfer/,1970-01-01
https://defiliban.io/blackrock-bitcoin-hedge-volatility/,1970-01-01
https://defiliban.io/blackrock-bitcoin-prediction-700000/,1970-01-01
https://defiliban.io/blackrock-buidl-tokenized-fund/,1970-01-01
https://defiliban.io/blackrock-crypto-trusts-revenue/,1970-01-01
https://defiliban.io/blackrock-saudi-aramco-jafurah-deal/,1970-01-01
https://defiliban.io/blackrock-sells-ethereum-for-bitcoin/,1970-01-01
https://defiliban.io/blackrock-withdraws-btc-eth-from-coinbase-three-days/,1970-01-01
https://defiliban.io/blackrock-withdrew-6167-btc-from-coinbase-in-2-days/,1970-01-01
https://defiliban.io/blend-listed-on-bybit-spot/,1970-01-01
https://defiliban.io/blink-charging-bitcoin-payments/,1970-01-01
https://defiliban.io/block-bitcoin-holdings-rose-to-9032-btc-in-q1-2026/,1970-01-01
https://defiliban.io/block-buys-additional-114-89-btc-bringing-total-holdings-to-8998-btc/,1970-01-01
https://defiliban.io/blockchain-capital-plans-to-raise-700-million-for-two-new-funds/,1970-01-01
https://defiliban.io/blockchain-event/,1970-01-01
https://defiliban.io/blockchain-futurist-conference-returns-to-toronto-for-its-ninth-year/,1970-01-01
https://defiliban.io/blockchain-katana-kat-acquires-idex-launches-perpetual-contracts-polygon/,1970-01-01
https://defiliban.io/blockchain-life-2025-dubai-crypto/,1970-01-01
https://defiliban.io/blockchain-regulatory-certainty-act/,1970-01-01
https://defiliban.io/blockchainfx-ozak-ai-blockdag-395m-presale-3m-miners/,1970-01-01
https://defiliban.io/blockdag-20-prediction-outshines-ada-and-dogecoin-in-the-debate-on-which-crypto-will-explode/,1970-01-01
https://defiliban.io/blockdag-2025-review-386m-presale-2660-roi-and-the-tech-driving-its-growth/,1970-01-01
https://defiliban.io/blockdag-410m-presale-ondo-near-1-11-stellar-holds-ground/,1970-01-01
https://defiliban.io/blockdag-410m-surge-ethereum-near-4500-bnb-targets-900/,1970-01-01
https://defiliban.io/blockdag-430m-presale-binance-ama-outshine-aster-kaspa/,1970-01-01
https://defiliban.io/blockdag-433m-presale-genesis-day-hype-propel-it-ahead-of-pengus-weakness-aster-recovery-in-2025/,1970-01-01
https://defiliban.io/blockdag-ambassador-program-from-fans-to-founders-in-web3-leadership/,1970-01-01
https://defiliban.io/blockdag-ambassador-program-from-fans-to-founders-in-web3/,1970-01-01
https://defiliban.io/blockdag-at-003-surpasses-dogecoin-next-rally-and-cardano-technical-trend/,1970-01-01
https://defiliban.io/blockdag-awakening-testnet-launches-sept-25-with-15k-tps-miner-sync/,1970-01-01
https://defiliban.io/blockdag-commands-the-spotlight-with-430m-presale-live-ama-on-binance-while-cardano-turns-bearish-pepe-loses-grip/,1970-01-01
https://defiliban.io/blockdag-cosmos-tron-polygon-next-crypto-to-explode-in-2025/,1970-01-01
https://defiliban.io/blockdag-could-break-into-the-top-20-with-record-breaking-430m-raise/,1970-01-01
https://defiliban.io/blockdag-crosses-403m-mark-as-solana-stabilizes-and-cronos-stalls/,1970-01-01
https://defiliban.io/blockdag-explorer-real-time-insights-into-the-future-of-blockchain/,1970-01-01
https://defiliban.io/blockdag-founder-antony-turners-430m-transparent-crypto-project/,1970-01-01
https://defiliban.io/blockdag-genesis-day-hype-builds-0-0015-entry-price-while-xrp-and-dogecoin-capture-attention/,1970-01-01
https://defiliban.io/blockdag-hyperliquid-xrp-tron-race-ahead-highest-roi-crypto-2025/,1970-01-01
https://defiliban.io/blockdag-nearing-410m-vs-hype-kaspa-which-is-the-top-crypto-for-2025/,1970-01-01
https://defiliban.io/blockdag-overshadows-shib-dot-avalanche-best-cryptos-debate/,1970-01-01
https://defiliban.io/blockdag-prepares-for-market-debut-at-singapore-deployment-event/,1970-01-01
https://defiliban.io/blockdag-presale-nears-410m-tops-little-pepe-remittix/,1970-01-01
https://defiliban.io/blockdag-presale-over-410m-xrp-gains-kaspa-faces-pressure/,1970-01-01
https://defiliban.io/blockdag-raises-395m-as-dogecoin-drops-injective-slides/,1970-01-01
https://defiliban.io/blockdag-raises-nearly-410m-before-testnet-launch/,1970-01-01
https://defiliban.io/blockdag-referral-program-the-ultimate-crypto-side-hustle/,1970-01-01
https://defiliban.io/blockdag-review-387m-presale-2900-roi-real-tools/,1970-01-01
https://defiliban.io/blockdag-review-viral-presale-or-real-web3-ecosystem/,1970-01-01
https://defiliban.io/blockdag-s-430m-presale-0-0015-tge-code-outshine-best-token/,1970-01-01
https://defiliban.io/blockdag-soars-while-bnb-cardano-remain-among-the-best-crypto-coins-to-buy-today/,1970-01-01
https://defiliban.io/blockdag-solana-cardano-shiba-top-altcoin-to-watch-in-2025/,1970-01-01
https://defiliban.io/blockdag-vs-ada-ondo-most-popular-cryptocurrency-of-2025/,1970-01-01
https://defiliban.io/blockdag-vs-cardano-vs-ethereum-testnet-and-real-features/,1970-01-01
https://defiliban.io/blockdag-vs-little-pepe-presale-best-crypto-presale-list-pick-now/,1970-01-01
https://defiliban.io/blockdag-x10-miners-lead-xrp-weakens-doge-stalls/,1970-01-01
https://defiliban.io/blockdags-2049-bonus-at-token2049-surpasses-xrp-and-avax-in-the-best-crypto-to-invest-in-now-debate/,1970-01-01
https://defiliban.io/blockdags-381m-presale-and-50m-daily-buyer-battles-surpass-maxi-buzz/,1970-01-01
https://defiliban.io/blockdags-387m-presale-beats-toncoin-and-hyperliquid/,1970-01-01
https://defiliban.io/blockdags-3m-x1-app-users-token2049-buzz-and-price-prediction-outpace-aave-and-hedera/,1970-01-01
https://defiliban.io/blockdags-410m-raise-miner-reviews-prove-its-the-best-crypto-to-buy/,1970-01-01
https://defiliban.io/blockdags-430m-presale-upcoming-binance-ama-spark-buying-frenzy-while-xlm-climbs-toward-0-46-dot-stabilizes-at-4/,1970-01-01
https://defiliban.io/blockdags-435m-presale-surpasses-hyperliquid-sei-ahead-of-genesis-day/,1970-01-01
https://defiliban.io/blockdags-almost-405m-presale-dominates-as-ton-uni-hold/,1970-01-01
https://defiliban.io/blockdags-pow-dag-hybrid-system-solves-blockchains-longtime-problem-and-emerges-as-the-best-crypto-coin/,1970-01-01
https://defiliban.io/blog/,1970-01-01
https://defiliban.io/blue-origin-cryptocurrency-payments/,1970-01-01
https://defiliban.io/bnb-surpasses-solana-stablecoin-inflows/,1970-01-01
https://defiliban.io/bnb-targets-1k-aave-aims-for-628-yet-bdag-dominates-with-387m-presale/,1970-01-01
https://defiliban.io/bnc-acquires-binance-coins/,1970-01-01
https://defiliban.io/bnp-paribas-crypto-linked-etns-trading-expansion/,1970-01-01
https://defiliban.io/bo-hines-white-house-crypto-departure/,1970-01-01
https://defiliban.io/bonk-holdings-acquires-bonk-tokens/,1970-01-01
https://defiliban.io/bonk-tumbles-pi-slows-blockdag-soars-past-403m/,1970-01-01
https://defiliban.io/bowman-community-banking-rate-cuts/,1970-01-01
https://defiliban.io/brazil-anti-crime-law-crypto/,1970-01-01
https://defiliban.io/brazil-prediction-market-ban-kalshi-polymarket/,1970-01-01
https://defiliban.io/brevan-howard-bitcoin-etf-investment/,1970-01-01
https://defiliban.io/brevan-howard-blackrock-bitcoin-etf-2/,1970-01-01
https://defiliban.io/brevan-howard-blackrock-bitcoin-etf/,1970-01-01
https://defiliban.io/bridged-dot-exploit-ethereum-1b-minted/,1970-01-01
https://defiliban.io/btc-bitcoin-pumping-above-73700-nearing-74000/,1970-01-01
https://defiliban.io/btc-bitcoin-pumps-back-above-75000/,1970-01-01
https://defiliban.io/btc-bullish-bearish-social-ratio-5-week-low/,1970-01-01
https://defiliban.io/btc-digital-expands-ethereum-holdings/,1970-01-01
https://defiliban.io/btc-etf-inflows-biggest-day-since-mid-january/,1970-01-01
https://defiliban.io/btc-miner-mobile-cloud-mining/,1970-01-01
https://defiliban.io/btc-shorts-win-0x2fc3-closes-long-loss-flips-short/,1970-01-01
https://defiliban.io/btc-sp500-decoupling-2020/,1970-01-01
https://defiliban.io/bullish-ips-5-billion-valuation/,1970-01-01
https://defiliban.io/businesses-buying-more-bitcoin-than-etfs-and-governments/,1970-01-01
https://defiliban.io/bybit-announces-early-bird-ticket-access-for-tomorrowland-brasil-2027-for-bybit-cardholders/,1970-01-01
https://defiliban.io/bybit-delists-sweat-from-spot-trading/,1970-01-01
https://defiliban.io/bybit-delists-syn-from-futures-trading/,1970-01-01
https://defiliban.io/bybit-delists-tru-futures-market/,1970-01-01
https://defiliban.io/bybit-lists-bill-on-spot-market/,1970-01-01
https://defiliban.io/bybit-lists-blend-futures/,1970-01-01
https://defiliban.io/bybit-lists-bz-futures/,1970-01-01
https://defiliban.io/bybit-lists-googl-futures/,1970-01-01
https://defiliban.io/bybit-lists-opg-futures/,1970-01-01
https://defiliban.io/cambodia-first-cybercrime-law-scam-compounds/,1970-01-01
https://defiliban.io/canada-bill-c25-ban-cryptocurrency-political-donations/,1970-01-01
https://defiliban.io/canadian-scammer-cryptocurrency-theft/,1970-01-01
https://defiliban.io/canary-capital-litecoin-hedera-etfs/,1970-01-01
https://defiliban.io/canary-xrp-spot-etf-launch/,1970-01-01
https://defiliban.io/capital-b-buys-12-btc-holdings-rise-to-2937-btc/,1970-01-01
https://defiliban.io/capital-b-hive-bitcoin-mining/,1970-01-01
https://defiliban.io/cardano-attention-gainers-2025/,1970-01-01
https://defiliban.io/cardano-price-prediction-2026/,1970-01-01
https://defiliban.io/cardano-rally-potential-stalls-hyperliquid-price-at-54-blockdag-miners-deliver/,1970-01-01
https://defiliban.io/cardano-roi-projection-15x-gains-possible-by-2026-as-whale-buying-accelerates/,1970-01-01
https://defiliban.io/caroline-ellison-community-confinement/,1970-01-01
https://defiliban.io/cash-app-bitcoin-lightning-stablecoins/,1970-01-01
https://defiliban.io/cathie-wood-bitcoin-forecast/,1970-01-01
https://defiliban.io/caution-american-bitcoin-investors/,1970-01-01
https://defiliban.io/cbc-reports-canada-crypto-atm-ban-scams/,1970-01-01
https://defiliban.io/cea-industries-cryptocurrency-treasury/,1970-01-01
https://defiliban.io/cftc-bitcoin-margin-collateral-fcms/,1970-01-01
https://defiliban.io/cftc-chair-defi-prediction-markets-clearer-us-crypto-rules/,1970-01-01
https://defiliban.io/cftc-chair-says-true-crypto-perpetuals-could-soon-be-legalized-in-the-us/,1970-01-01
https://defiliban.io/cftc-chair-selig-crypto-regulation/,1970-01-01
https://defiliban.io/cftc-crypto-sprint-regulations/,1970-01-01
https://defiliban.io/cftc-doj-lawsuit-against-illinois-verified-filings/,1970-01-01
https://defiliban.io/cftc-sues-wisconsin-over-authority-in-crypto-prediction-markets/,1970-01-01
https://defiliban.io/chainalysis-stablecoin-economic-volume-719t-2035/,1970-01-01
https://defiliban.io/chainlink-adds-link-on-chain-reserve/,1970-01-01
https://defiliban.io/chainlink-price-surge-shiba-inu-drop-cold-wallets-self-custody-edge/,1970-01-01
https://defiliban.io/chainlink-us-equities-data-streams/,1970-01-01
https://defiliban.io/charles-schwab-bitcoin-spot-trading-plans/,1970-01-01
https://defiliban.io/charles-schwab-crypto-vertical-bitcoin-buying-soon/,1970-01-01
https://defiliban.io/charles-schwab-launches-schwab-crypto-spot-trading-retail-clients/,1970-01-01
https://defiliban.io/china-accuses-us-seizing-bitcoin/,1970-01-01
https://defiliban.io/china-bitcoin-plustoken-seizure/,1970-01-01
https://defiliban.io/china-gold-deposit-hunan-discovery/,1970-01-01
https://defiliban.io/china-investigates-us-analog-chips/,1970-01-01
https://defiliban.io/china-poly-group-hong-kong-stablecoin/,1970-01-01
https://defiliban.io/china-poly-group-stablecoin-denial/,1970-01-01
https://defiliban.io/china-renaissance-invest-bnb/,1970-01-01
https://defiliban.io/china-sanctions-us-defense-companies/,1970-01-01
https://defiliban.io/china-silver-export-restrictions-2/,1970-01-01
https://defiliban.io/china-silver-export-restrictions/,1970-01-01
https://defiliban.io/china-stablecoins-cross-border-payments-2/,1970-01-01
https://defiliban.io/china-stablecoins-cross-border-payments/,1970-01-01
https://defiliban.io/chinese-investments-indonesia-2025/,1970-01-01
https://defiliban.io/circle-cirbtc-launch-challenge-coinbase-wrapped-bitcoin/,1970-01-01
https://defiliban.io/circle-usdc-supply-change/,1970-01-01
https://defiliban.io/citi-fed-rate-cuts-playbook/,1970-01-01
https://defiliban.io/clarity-act-crypto-regulations-2/,1970-01-01
https://defiliban.io/clarity-act-crypto-regulations/,1970-01-01
https://defiliban.io/clarity-act-digital-assets-regulation-2/,1970-01-01
https://defiliban.io/clarity-act-digital-assets-regulation-3/,1970-01-01
https://defiliban.io/clarity-act-vote-january-2026/,1970-01-01
https://defiliban.io/cleancore-dogecoin-acquisition-500-million/,1970-01-01
https://defiliban.io/cleancore-solutions-dogecoin-acquisition/,1970-01-01
https://defiliban.io/cmc/,1970-01-01
https://defiliban.io/cme-bitcoin-volatility-futures-june-1-cftc-review/,1970-01-01
https://defiliban.io/cme-group-bitcoin-volatility-futures-june-1/,1970-01-01
https://defiliban.io/cme-group-ethereum-futures-volume/,1970-01-01
https://defiliban.io/coin-home-2/,1970-01-01
https://defiliban.io/coin-home-4/,1970-01-01
https://defiliban.io/coin-home-5/,1970-01-01
https://defiliban.io/coinbase-adds-virtual-pros-kaio-asset-roadmap/,1970-01-01
https://defiliban.io/coinbase-adds-wron-to-its-listing-roadmap-2/,1970-01-01
https://defiliban.io/coinbase-approval-coindcx-stake/,1970-01-01
https://defiliban.io/coinbase-base-native-token-exploration/,1970-01-01
https://defiliban.io/coinbase-bitcoin-backed-mortgage/,1970-01-01
https://defiliban.io/coinbase-bitcoin-yield-fund-base-share-claims/,1970-01-01
https://defiliban.io/coinbase-ceo-clarity-act-support-2/,1970-01-01
https://defiliban.io/coinbase-ceo-clarity-act-support/,1970-01-01
https://defiliban.io/coinbase-ceo-crypto-focus-wef/,1970-01-01
https://defiliban.io/coinbase-cloudflare-x402-protocol/,1970-01-01
https://defiliban.io/coinbase-lists-mega-for-spot-trading/,1970-01-01
https://defiliban.io/coinbase-lists-pros-for-spot-trading/,1970-01-01
https://defiliban.io/coinbase-lists-usd1-stablecoin/,1970-01-01
https://defiliban.io/coinbase-occ-conditional-approval-report/,1970-01-01
https://defiliban.io/coinbase-us-stablecoin-legislation/,1970-01-01
https://defiliban.io/coinbase-usdc-lending-bitcoin/,1970-01-01
https://defiliban.io/coinbase-ventures-funding-slows-capital-shifts-tokenization-defi-ai-agents/,1970-01-01
https://defiliban.io/coinbase-withdraw-support-us-crypto-legislation/,1970-01-01
https://defiliban.io/coingape-reader-engagement-campaign/,1970-01-01
https://defiliban.io/cold-wallet-hits-64m-presale-as-north-star-rank-surges/,1970-01-01
https://defiliban.io/colombia-largest-pension-fund-bitcoin-blackrock-ibit/,1970-01-01
https://defiliban.io/commons-bridge-hack-syndicate-report/,1970-01-01
https://defiliban.io/company-reports-record-profits-q3/,1970-01-01
https://defiliban.io/contact/,1970-01-01
https://defiliban.io/couple-ordered-pay-crypto-fraud/,1970-01-01
https://defiliban.io/cpi-increase-september-2025/,1970-01-01
https://defiliban.io/cr7-meme-coin-scam/,1970-01-01
https://defiliban.io/crypto-creators-influencers-partner-with-defiliban/,1970-01-01
https://defiliban.io/crypto-derivatives-market-2025/,1970-01-01
https://defiliban.io/crypto-etf-flows-defi-impact/,1970-01-01
https://defiliban.io/crypto-finance-launch-anchor-note/,1970-01-01
https://defiliban.io/crypto-impact-awards-voting/,1970-01-01
https://defiliban.io/crypto-market-decline-september-2025/,1970-01-01
https://defiliban.io/crypto-market-structure-bill-release/,1970-01-01
https://defiliban.io/crypto-news-blockdag-raises-385m-as-pi-volume-crashes-ondo-stalls/,1970-01-01
https://defiliban.io/crypto-open-interest-30-billion-binance-btc-eth-inflows/,1970-01-01
https://defiliban.io/crypto-options-expiry-volatility/,1970-01-01
https://defiliban.io/crypto-protocols-market-maker-terms-disclosure-novora-research/,1970-01-01
https://defiliban.io/crypto-short-liquidation-event/,1970-01-01
https://defiliban.io/crypto-tax-bill-parity-act/,1970-01-01
https://defiliban.io/crypto-whale-yzy-token-launch/,1970-01-01
https://defiliban.io/crypto/,1970-01-01
https://defiliban.io/crypto/bitcoin/,1970-01-01
https://defiliban.io/crypto/ethereum/,1970-01-01
https://defiliban.io/crypto/forex/,1970-01-01
https://defiliban.io/crypto/tether/,1970-01-01
https://defiliban.io/cryptocurrency-hacks-2025/,1970-01-01
https://defiliban.io/cryptocurrency-hacks-august-2025/,1970-01-01
https://defiliban.io/cryptocurrency-market-challenges-2024/,1970-01-01
https://defiliban.io/cryptocurrency-market-decline-february-2025/,1970-01-01
https://defiliban.io/cryptocurrency-market-declines-fed-rate-cut/,1970-01-01
https://defiliban.io/cryptocurrency-market-drop-january-2026/,1970-01-01
https://defiliban.io/cryptoslate-dormant-ethereum-wallets-drained-800k-loss/,1970-01-01
https://defiliban.io/cslm-ipo-digital-asset-acquisition/,1970-01-01
https://defiliban.io/ctr-added-to-coinbase-roadmap/,1970-01-01
https://defiliban.io/customize-interests/,1970-01-01
https://defiliban.io/cynthia-lummis-urges-immediate-passage-of-the-clarity-act/,1970-01-01
https://defiliban.io/cz-april-9-interview-internet-blockchain/,1970-01-01
https://defiliban.io/cz-predicts-super-cycle-bnb/,1970-01-01
https://defiliban.io/cz-warns-against-golden-statue/,1970-01-01
https://defiliban.io/cz-why-i-decided-to-go-to-the-us-to-plead-guilty/,1970-01-01
https://defiliban.io/cz-zhao-not-returning-binance/,1970-01-01
https://defiliban.io/darksword-ios-exploit-chain-google-late-2025/,1970-01-01
https://defiliban.io/david-marcus-bitcoin-prediction/,1970-01-01
https://defiliban.io/david-sacks-senate-banking-crypto/,1970-01-01
https://defiliban.io/dea-seizes-xrp-crypto-assets/,1970-01-01
https://defiliban.io/defi-dev-corp-solana-acquisition/,1970-01-01
https://defiliban.io/defi-development-corp-hylo-sol-reserves/,1970-01-01
https://defiliban.io/delphx-capital-markets-delx-crypto-treasury-plans/,1970-01-01
https://defiliban.io/democrats-sec-crypto-enforcement/,1970-01-01
https://defiliban.io/deribit-options-expiry-crypto-impact/,1970-01-01
https://defiliban.io/diem-listed-on-coinbase-spot-market/,1970-01-01
https://defiliban.io/digital-asset-investment-inflows-230-million-fed-hawkish-pause/,1970-01-01
https://defiliban.io/digital-euro-project-preparation-phase/,1970-01-01
https://defiliban.io/doge-eth-and-blockdag-405m-surge-redefines-2025/,1970-01-01
https://defiliban.io/doge-pengu-surge-blockdag-ama-ignites-market-frenzy/,1970-01-01
https://defiliban.io/doj-investigates-federal-reserve-cook/,1970-01-01
https://defiliban.io/doj-pig-butchering-crypto-scam-crackdown-276-arrests/,1970-01-01
https://defiliban.io/doj-seized-bitcoin-samourai-wallet/,1970-01-01
https://defiliban.io/doj-sells-seized-bitcoin-samourai/,1970-01-01
https://defiliban.io/dormant-bitcoin-wallet-moves-141-26-btc-to-kraken-after-two-years/,1970-01-01
https://defiliban.io/drift-loses-285-million-fatal-blow-bear-market-defi/,1970-01-01
https://defiliban.io/drift-protocol-exploit-270m-hkgz4k/,1970-01-01
https://defiliban.io/drift-protocol-exploiter-sol-hyperliquid-eth/,1970-01-01
https://defiliban.io/dubai-crypto-derivatives-rules/,1970-01-01
https://defiliban.io/ecb-inflation-risks-euro-area/,1970-01-01
https://defiliban.io/el-salvador-bitcoin-banking-law/,1970-01-01
https://defiliban.io/el-salvador-gold-purchase/,1970-01-01
https://defiliban.io/el-salvador-imf-loan-agreement/,1970-01-01
https://defiliban.io/elon-musk-uae-technology-meeting/,1970-01-01
https://defiliban.io/embercn-siren-whales-control-88-5-percent-of-supply/,1970-01-01
https://defiliban.io/eric-trump-alt5-sigma-board-removal/,1970-01-01
https://defiliban.io/eric-trump-bitcoin-prediction-175k/,1970-01-01
https://defiliban.io/eric-trump-bitcoin-prediction/,1970-01-01
https://defiliban.io/eth-staking-18000-eth-kiln-deposit/,1970-01-01
https://defiliban.io/ethena-labs-funding-arkstream-capital/,1970-01-01
https://defiliban.io/ethena-price-prediction-polkadot-trend-blockdag-26-4b-coins/,1970-01-01
https://defiliban.io/ether-etf-inflows-record-11-68-billion-187-million-weekly-inflow/,1970-01-01
https://defiliban.io/ethereum-address-poisoning-scams/,1970-01-01
https://defiliban.io/ethereum-etfs-daily-inflows/,1970-01-01
https://defiliban.io/ethereum-etfs-significant-inflows/,1970-01-01
https://defiliban.io/ethereum-exchange-supply-low/,1970-01-01
https://defiliban.io/ethereum-eyes-5k-uni-holds-10-blockdag-presale-nears-600m/,1970-01-01
https://defiliban.io/ethereum-faces-pressure-chainlink-rallies-while-blockdags-432m-raise-marks-a-major-milestone-on-the-road-to-launch/,1970-01-01
https://defiliban.io/ethereum-foundation-clear-signing-standard-blind-signing-risks/,1970-01-01
https://defiliban.io/ethereum-foundation-grant-review-ketman-north-korean-hackers/,1970-01-01
https://defiliban.io/ethereum-foundation-l1-l2-vision/,1970-01-01
https://defiliban.io/ethereum-foundation-may-2026-protocol-cluster-update/,1970-01-01
https://defiliban.io/ethereum-foundation-sell-10000-eth/,1970-01-01
https://defiliban.io/ethereum-foundation-unstaked-21271-eth-worth-49-66-million/,1970-01-01
https://defiliban.io/ethereum-marches-toward-4500-avalanche-tests-resistance-and-blockdags-presale-hits-430m-milestone-ahead-of-genesis-day/,1970-01-01
https://defiliban.io/ethereum-phishing-attack-eip-7702/,1970-01-01
https://defiliban.io/ethereum-price-drop-etf-outflows/,1970-01-01
https://defiliban.io/ethereum-price-etf-inflows-2026/,1970-01-01
https://defiliban.io/ethereum-price-fed-rate-cut/,1970-01-01
https://defiliban.io/ethereum-price-prediction-40000/,1970-01-01
https://defiliban.io/ethereum-price-predictions-2023/,1970-01-01
https://defiliban.io/ethereum-price-surges-buterin-billionaire/,1970-01-01
https://defiliban.io/ethereum-stablecoin-supply-increase/,1970-01-01
https://defiliban.io/ethereum-stablecoin-volume-record-high/,1970-01-01
https://defiliban.io/ethereum-staking-ratio-record-high-85b-network-security/,1970-01-01
https://defiliban.io/ethereum-tokenized-assets-61-percent-206-billion-token-terminal/,1970-01-01
https://defiliban.io/ethereum-transaction-fees-low/,1970-01-01
https://defiliban.io/ethereum-treasuries-surpass-bitcoin/,1970-01-01
https://defiliban.io/ethereum-treasury-holdings-surpass-bitcoin/,1970-01-01
https://defiliban.io/ethereum-treasury-surpasses-6-million/,1970-01-01
https://defiliban.io/ethereum-user-assets-370-billion/,1970-01-01
https://defiliban.io/ethereum-whale-buys-another-1979-eth-4-14m/,1970-01-01
https://defiliban.io/ethereum-whale-long-exit-verification-gap/,1970-01-01
https://defiliban.io/ethgas-3-billion-eth-validator-liquidity/,1970-01-01
https://defiliban.io/ethlimo-post-mortem-ens-to-web-dns-hijack/,1970-01-01
https://defiliban.io/etoro-crypto-revenue-q3-2025/,1970-01-01
https://defiliban.io/eu-us-trade-tariff-cuts/,1970-01-01
https://defiliban.io/euro-stablecoin-mica-compliant-banks/,1970-01-01
https://defiliban.io/f-m-investments-tokenize-tbil-etf/,1970-01-01
https://defiliban.io/farage-opposes-uk-cbdc/,1970-01-01
https://defiliban.io/farmway-almond-tokenization-project/,1970-01-01
https://defiliban.io/fed-economy-solid-pace-crypto-market-impact/,1970-01-01
https://defiliban.io/fed-rate-cuts-inflation-crypto-liquidity/,1970-01-01
https://defiliban.io/federal-reserve-ends-crypto-supervision/,1970-01-01
https://defiliban.io/federal-reserve-governor-cook-investigation/,1970-01-01
https://defiliban.io/federal-reserve-interest-rate-forecast/,1970-01-01
https://defiliban.io/federal-reserve-liquidity-operation/,1970-01-01
https://defiliban.io/federal-reserve-rate-cut-2025/,1970-01-01
https://defiliban.io/federal-reserve-rate-cut-williams/,1970-01-01
https://defiliban.io/federal-reserve-rate-cuts-2026/,1970-01-01
https://defiliban.io/fedmining-cloud-mining-platform/,1970-01-01
https://defiliban.io/feds-barr-private-money-safeguards-stablecoin-scrutiny/,1970-01-01
https://defiliban.io/first-ever-bitcoin-rubiks-cube-official-launch/,1970-01-01
https://defiliban.io/flare-network-launches-fxrp/,1970-01-01
https://defiliban.io/flare-xrp-backed-stablecoin/,1970-01-01
https://defiliban.io/floresta-utreexo-full-bitcoin-node-android/,1970-01-01
https://defiliban.io/florida-bitcoin-reserve-legislation/,1970-01-01
https://defiliban.io/fomc-meeting-bitcoin-prices/,1970-01-01
https://defiliban.io/forward-industries-solana-treasury/,1970-01-01
https://defiliban.io/ftx-estate-claims-justin-sun/,1970-01-01
https://defiliban.io/funded-crypto-trading-scale-capital-without-personal-risk/,1970-01-01
https://defiliban.io/galaxy-digital-bitcoin-forecast-2027/,1970-01-01
https://defiliban.io/garrett-jin-deposited-108169-eth-250-million-binance/,1970-01-01
https://defiliban.io/gary-cardone-bitcoin-prediction/,1970-01-01
https://defiliban.io/gemini-collective-lawsuit-investor-misrepresentation/,1970-01-01
https://defiliban.io/gemini-ipo-application-nasdaq/,1970-01-01
https://defiliban.io/gemini-launches-xrp-mastercard/,1970-01-01
https://defiliban.io/gemini-nasdaq-ipo-registration/,1970-01-01
https://defiliban.io/gemini-new-fee-structure/,1970-01-01
https://defiliban.io/general-mills-q1-2026-results/,1970-01-01
https://defiliban.io/gh0st-privacy-trading-infrastructure-launched-bnb-chain/,1970-01-01
https://defiliban.io/global-bitcoin-ownership-statistics/,1970-01-01
https://defiliban.io/global-blockchain-show-abu-dhabi/,1970-01-01
https://defiliban.io/gold-price-reports-unverified/,1970-01-01
https://defiliban.io/gold-prices-record-high-4900/,1970-01-01
https://defiliban.io/goldman-sachs-bitcoin-adoption-2026/,1970-01-01
https://defiliban.io/goldman-sachs-bitcoin-premium-income-etf-filing/,1970-01-01
https://defiliban.io/google-cloud-solana-foundation-pay-as-you-go-ai-agent-payments/,1970-01-01
https://defiliban.io/google-play-crypto-exchange-policy/,1970-01-01
https://defiliban.io/government-shutdown-markets-cryptocurrency/,1970-01-01
https://defiliban.io/graniteshares-xrp-etf-nasdaq-3x-leverage/,1970-01-01
https://defiliban.io/grant-cardone-miami-mansion-bitcoin/,1970-01-01
https://defiliban.io/grayscale-avalanche-trust-etf/,1970-01-01
https://defiliban.io/grayscale-bnb-spot-etf-registration/,1970-01-01
https://defiliban.io/grayscale-digital-large-cap-fund-launch/,1970-01-01
https://defiliban.io/grayscale-dogecoin-etf-filing/,1970-01-01
https://defiliban.io/grayscale-dogecoin-etf-proposal/,1970-01-01
https://defiliban.io/grayscale-hype-etf-claim-lacks-sec-s1-proof/,1970-01-01
https://defiliban.io/grayscale-solana-trust-etf-approval/,1970-01-01
https://defiliban.io/grok-ai-cryptocurrency-peaks-2025/,1970-01-01
https://defiliban.io/gryphon-digital-mining-merger/,1970-01-01
https://defiliban.io/gumi-sbi-ripple-xrp-treasury/,1970-01-01
https://defiliban.io/hal-finney-bitcoin-10-million-prediction/,1970-01-01
https://defiliban.io/haliey-welch-hawk-tuah-meme-coin-crash-response/,1970-01-01
https://defiliban.io/hedera-injects-hbar-staking-pool/,1970-01-01
https://defiliban.io/helius-digital-asset-treasury-plan/,1970-01-01
https://defiliban.io/henrik-zeberg-crypto-bull-run/,1970-01-01
https://defiliban.io/heres-why-blockdags-binance-ama-could-mark-its-leap-into-the-mainstream/,1970-01-01
https://defiliban.io/hex-trust-tokenized-uranium-custody/,1970-01-01
https://defiliban.io/highest-roi-cryptos-in-2025-blockdag-sol-ltc-bnb-ranked/,1970-01-01
https://defiliban.io/home-coin/,1970-01-01
https://defiliban.io/hong-kong-ease-capital-rules-crypto/,1970-01-01
https://defiliban.io/hong-kong-stablecoins-regulatory-framework/,1970-01-01
https://defiliban.io/hoskinson-solana-ethereum-performance/,1970-01-01
https://defiliban.io/how-blockdags-x-series-miners-are-reshaping-crypto-mining-in-2025/,1970-01-01
https://defiliban.io/hugs-the-new-crypto-presale-with-1000x-potential-returns-hidden-behind-the-cuteness/,1970-01-01
https://defiliban.io/hype-price-today-trx-market-outlook-blockdag-price-prediction/,1970-01-01
https://defiliban.io/hyperliquid-event-trading-product-polymarket/,1970-01-01
https://defiliban.io/hyperliquid-hype-token-growth-prediction/,1970-01-01
https://defiliban.io/hyperscale-data-bitcoin-holdings-increase/,1970-01-01
https://defiliban.io/ice-tokenized-securities-platform/,1970-01-01
https://defiliban.io/india-gold-etf-growth-2025/,1970-01-01
https://defiliban.io/india-second-largest-5g-network/,1970-01-01
https://defiliban.io/india-trade-talks-us-tariffs/,1970-01-01
https://defiliban.io/ineminer-cloud-mining-launch/,1970-01-01
https://defiliban.io/insights-on-bdags-miner-shipments-doge-target-pudgy-penguins-trend/,1970-01-01
https://defiliban.io/institutional-bitcoin-demand-highest-since-october-2025/,1970-01-01
https://defiliban.io/iran-2-million-strait-of-hormuz-fee-crypto-markets/,1970-01-01
https://defiliban.io/iran-crackdown-illegal-cryptocurrency-mining/,1970-01-01
https://defiliban.io/iran-seizes-starlink-terminals/,1970-01-01
https://defiliban.io/is-blockdag-legit-430m-raised-27b-coins-sold-historic-formula-1-partnership-say-absolutely-yes/,1970-01-01
https://defiliban.io/israel-iran-defi-liquidity/,1970-01-01
https://defiliban.io/jack-dorsey-helps-launch-new-film-about-julian-assange/,1970-01-01
https://defiliban.io/jackson-hole-symposium-labor-market/,1970-01-01
https://defiliban.io/jakarta-sets-the-stage-for-a-people-powered-revolution-the-world-hr-summit-indonesia-lands-on-november-26-2025/,1970-01-01
https://defiliban.io/japan-bond-yield-increase/,1970-01-01
https://defiliban.io/japan-stimulus-package-economic-growth/,1970-01-01
https://defiliban.io/japan-xrp-financial-product/,1970-01-01
https://defiliban.io/japan-yen-backed-stablecoin-jpyc/,1970-01-01
https://defiliban.io/jerome-powell-speech-monetary-policy/,1970-01-01
https://defiliban.io/johnson-county-bitcoin-mining/,1970-01-01
https://defiliban.io/jordi-visser-quantum-break-bitcoin-narrative/,1970-01-01
https://defiliban.io/jp-morgan-fed-rate-cut/,1970-01-01
https://defiliban.io/jpmorgan-bitcoin-etf-holdings-increase/,1970-01-01
https://defiliban.io/jpmorgan-bitcoin-price-forecast/,1970-01-01
https://defiliban.io/jpmorgan-chase-strategic-initiatives/,1970-01-01
https://defiliban.io/jpmorgan-jltxx-tokenized-money-market-fund-ethereum/,1970-01-01
https://defiliban.io/justin-sun-lawsuit-trump-family-crypto-project-world-liberty-financial/,1970-01-01
https://defiliban.io/justin-sun-pledges-wlfi-freeze/,1970-01-01
https://defiliban.io/justin-sun-wlfi-blacklisting/,1970-01-01
https://defiliban.io/kalshi-launch-cryptocurrency-futures-trading/,1970-01-01
https://defiliban.io/kalshi-trading-volume-milestone/,1970-01-01
https://defiliban.io/kanye-west-yzy-token-launch/,1970-01-01
https://defiliban.io/kat-listed-on-coinbase-spot/,1970-01-01
https://defiliban.io/kazakhstan-national-bitcoin-reserve/,1970-01-01
https://defiliban.io/kb-kookmin-card-patent-hybrid-payment/,1970-01-01
https://defiliban.io/kelpdao-exploit-aave-rseth-bad-debt/,1970-01-01
https://defiliban.io/kevin-cramer-bitcoin-crypto-market-structure-legislation-before-easter/,1970-01-01
https://defiliban.io/kevin-warsh-fed-chair-hearing-april-16-fed-probe/,1970-01-01
https://defiliban.io/kiyosaki-bitcoin-prediction-2030/,1970-01-01
https://defiliban.io/kiyosaki-ethereum-60000-prediction/,1970-01-01
https://defiliban.io/knoxnet-introduces-the-first-dual-domain-layer-1-privacy-network-where-the-internet-is-optional/,1970-01-01
https://defiliban.io/kraken-funding-ipo-preparation/,1970-01-01
https://defiliban.io/kraken-parent-payward-completes-bitnomial-acquisition/,1970-01-01
https://defiliban.io/kucoin-vba-1matrix-blockchain-partnership/,1970-01-01
https://defiliban.io/kyrgyzstan-crypto-custody-plans/,1970-01-01
https://defiliban.io/larry-fink-ai-reshape-defi-rwa/,1970-01-01
https://defiliban.io/larry-fink-bitcoin-institutional-hedge/,1970-01-01
https://defiliban.io/layerzero-acquisition-stargate-bridge/,1970-01-01
https://defiliban.io/lbank-reports-2-5-billion-daily-tradfi-trading-volume-up-25-since-march/,1970-01-01
https://defiliban.io/leak-hints-900k-deal-could-fund-blockdag-exchange-launch/,1970-01-01
https://defiliban.io/ledger-ipo-private-fundraising/,1970-01-01
https://defiliban.io/link-surge-sol-structure-why-blockdag-leads-best-long-term-crypto/,1970-01-01
https://defiliban.io/linked-wallets-0x554-0xf2f-buy-50706-eth-111-62m-usdt/,1970-01-01
https://defiliban.io/liquidium-native-staking-bitcoin/,1970-01-01
https://defiliban.io/litecoin-hits-200-zcash-sees-bullish-breakout-blockdags-1000x-potential-makes-it-the-best-performing-crypto-today/,1970-01-01
https://defiliban.io/litecoin-price-surge-whale-activity/,1970-01-01
https://defiliban.io/local-business-policy-changes-3/,1970-01-01
https://defiliban.io/local-business-policy-changes-4/,1970-01-01
https://defiliban.io/looking-for-the-best-crypto-right-now-experts-back-blockdags-430m-presale-as-it-surges-past-tron-cardano-chainlink/,1970-01-01
https://defiliban.io/machi-5250-eth-long-liquidated-market-drop/,1970-01-01
https://defiliban.io/machi-eth-btc-longs-leverage-risk-appetite/,1970-01-01
https://defiliban.io/machi-eth-long-liquidated-reopens-position/,1970-01-01
https://defiliban.io/major-crypto-news-etf-boom-is-about-to-begin/,1970-01-01
https://defiliban.io/mark-cuban-mavericks-lawsuit-dismissed/,1970-01-01
https://defiliban.io/market/,1970-01-01
https://defiliban.io/market/binance/,1970-01-01
https://defiliban.io/market/business/,1970-01-01
https://defiliban.io/market/investor/,1970-01-01
https://defiliban.io/market/money/,1970-01-01
https://defiliban.io/market/trading/,1970-01-01
https://defiliban.io/mastercard-metamask-crypto-card/,1970-01-01
https://defiliban.io/matrixport-address-20x-btc-15x-eth-longs-market-pumps/,1970-01-01
https://defiliban.io/matrixport-transfers-bitcoin-from-binance/,1970-01-01
https://defiliban.io/matt-schultz-ceo-cleanspark/,1970-01-01
https://defiliban.io/mega-listed-on-binance-spot-market/,1970-01-01
https://defiliban.io/mellow-protocol-tvl-surges-300m-liquid-restaking-airdrop/,1970-01-01
https://defiliban.io/metamask-social-login-feature/,1970-01-01
https://defiliban.io/metaplanet-acquires-775-bitcoin/,1970-01-01
https://defiliban.io/metaplanet-bitcoin-holdings-increase/,1970-01-01
https://defiliban.io/metaplanet-secures-bitcoin-loan/,1970-01-01
https://defiliban.io/michael-saylor-bitcoin-reserve-bill/,1970-01-01
https://defiliban.io/michael-saylor-hints-buying-more-bitcoin-huge-orange-dot/,1970-01-01
https://defiliban.io/michael-saylor-strategy-inc-bitcoin/,1970-01-01
https://defiliban.io/microstrategy-bitcoin-acquisition/,1970-01-01
https://defiliban.io/microstrategy-bitcoin-credit-products/,1970-01-01
https://defiliban.io/microstrategy-bitcoin-valuation-milestone/,1970-01-01
https://defiliban.io/microstrategy-cfo-andrew-kang-stock-sale/,1970-01-01
https://defiliban.io/microstrategy-usd-reserves-increase/,1970-01-01
https://defiliban.io/mirror-token-value-drop/,1970-01-01
https://defiliban.io/monero-price-activity-report/,1970-01-01
https://defiliban.io/moonpay-acquires-meso-payment/,1970-01-01
https://defiliban.io/morgan-stanley-amy-oldenburg-spot-bitcoin-etf-best-first-day-trading/,1970-01-01
https://defiliban.io/morgan-stanley-bitcoin-etf-14bps-cheapest-spot/,1970-01-01
https://defiliban.io/morgan-stanley-bitcoin-etf-160-billion-market-impact/,1970-01-01
https://defiliban.io/morgan-stanley-bitcoin-trust-msbt-193-6-million-net-inflows-239-6-million-assets/,1970-01-01
https://defiliban.io/morgan-stanley-msbt-bitcoin-etf/,1970-01-01
https://defiliban.io/morgan-stanley-spot-bitcoin-etf-official-listing-announcement-launch-imminent/,1970-01-01
https://defiliban.io/morgan-stanley-spot-bitcoin-etf-trading-this-week/,1970-01-01
https://defiliban.io/morgan-stanley-zerohash-crypto-partnership/,1970-01-01
https://defiliban.io/most-volatile-crypto-2025-cold-wallet-ethereum-solana-and-cardano-insights/,1970-01-01
https://defiliban.io/mstr-strc-proceeds-buy-over-7300-btc-this-week/,1970-01-01
https://defiliban.io/mufg-ai-digital-bank-launch/,1970-01-01
https://defiliban.io/musk-predicts-gdp-growth-ai/,1970-01-01
https://defiliban.io/mutm-soars-250-ozak-ai-raises-2-5m-while-blockdag-sells-19-7k-miners/,1970-01-01
https://defiliban.io/my-bookmarks/,1970-01-01
https://defiliban.io/mystonks-withdrawal-issue/,1970-01-01
https://defiliban.io/nakamoto-bitcoin-corporate-holder/,1970-01-01
https://defiliban.io/nasdaq-crypto-holdings-oversight/,1970-01-01
https://defiliban.io/nemo-protocol-security-breach/,1970-01-01
https://defiliban.io/new-jersey-pension-fund-bitcoin/,1970-01-01
https://defiliban.io/new-policy-changes-local-businesses-12/,1970-01-01
https://defiliban.io/new-policy-changes-local-businesses-4/,1970-01-01
https://defiliban.io/new-policy-changes-local-businesses-8/,1970-01-01
https://defiliban.io/new-policy-changes-local-businesses-9/,1970-01-01
https://defiliban.io/news/,1970-01-01
https://defiliban.io/news/nft/,1970-01-01
https://defiliban.io/news/stocks/,1970-01-01
https://defiliban.io/nexo-capital-crypto-loans-fine/,1970-01-01
https://defiliban.io/next-technology-bitcoin-stock-sale/,1970-01-01
https://defiliban.io/neynar-acquires-farcaster-refund-investors/,1970-01-01
https://defiliban.io/north-korea-cryptocurrency-theft/,1970-01-01
https://defiliban.io/norway-fund-bitcoin-exposure/,1970-01-01
https://defiliban.io/nvidia-crypto-lawsuit-ruling/,1970-01-01
https://defiliban.io/nyse-sec-rule-change-tokenized-securities-trading/,1970-01-01
https://defiliban.io/nzcryptocon-launches-as-new-zealands-largest-crypto-web3-event-with-swyftx-named-as-official-naming-rights-partner/,1970-01-01
https://defiliban.io/oakland-crypto-market-maker-wash-trading-charges-gotbit-vortex-antier-contrarian/,1970-01-01
https://defiliban.io/ocean-protocol-fetch-ai-settlement/,1970-01-01
https://defiliban.io/okb-jumps-745-dogecoin-flips-bullish-but-analysts-say-blockdag-could-soar-to-1-after-launch/,1970-01-01
https://defiliban.io/okb-token-price-surge/,1970-01-01
https://defiliban.io/okx-launches-x-perps-europe-mifid-rules/,1970-01-01
https://defiliban.io/old-national-bank-bitcoin-services/,1970-01-01
https://defiliban.io/ondo-finance-total-value-locked/,1970-01-01
https://defiliban.io/ondo-tokenized-securities-bnb-chain/,1970-01-01
https://defiliban.io/onepay-crypto-trading-feature/,1970-01-01
https://defiliban.io/opensea-nft-reserve-fund/,1970-01-01
https://defiliban.io/options-expiry-market-volatility/,1970-01-01
https://defiliban.io/otc-whale-sells-rave-after-eth-and-cbbtc-buys/,1970-01-01
https://defiliban.io/paradigm-acquires-hype-tokens/,1970-01-01
https://defiliban.io/paxos-labs-12-million-funding-blockchain-capital/,1970-01-01
https://defiliban.io/paypal-crypto-p2p-payments-links/,1970-01-01
https://defiliban.io/pengu-aster-price-swings-contrast-blockdags-430m-launch-readiness/,1970-01-01
https://defiliban.io/pengu-price-rally-ethereum-price-forecast-blockdag-why-bdag-is-the-best-crypto-right-now/,1970-01-01
https://defiliban.io/pepemine-blockchainfx-overshadowed-by-blockdags-403m-presale/,1970-01-01
https://defiliban.io/peter-schiff-bitcoin-investment-warning/,1970-01-01
https://defiliban.io/peter-schiff-microstrategy-fraud-claims/,1970-01-01
https://defiliban.io/peter-thiel-bitcoin-investment/,1970-01-01
https://defiliban.io/philadelphia-fed-manufacturing-index-march-18-1/,1970-01-01
https://defiliban.io/philippines-fintech-revolution-summit-2026-opens-sponsorship-speaking-and-exhibition-opportunities/,1970-01-01
https://defiliban.io/pi-coins-defi-revival-chainlinks-17-50-strength-and-blockdags-431m-presale-momentum-build-ahead-of-binance-ama/,1970-01-01
https://defiliban.io/pi-network-development-not-price/,1970-01-01
https://defiliban.io/pi-network-open-mainnet-hackathon/,1970-01-01
https://defiliban.io/pi-network-testnet-upgrade/,1970-01-01
https://defiliban.io/pi-network-token-mismanagement/,1970-01-01
https://defiliban.io/pi-network-token2049-singapore/,1970-01-01
https://defiliban.io/pi-network-upgrade-valour-etp/,1970-01-01
https://defiliban.io/pi-network-weakens-pengu-stalls-blockdag-presale-surges-over-410m/,1970-01-01
https://defiliban.io/plasma-mainnet-beta-launch-xpl/,1970-01-01
https://defiliban.io/plasma-xpl-token-launch/,1970-01-01
https://defiliban.io/policy-changes-impact-local-businesses-5/,1970-01-01
https://defiliban.io/policy-changes-impact-local-businesses-8/,1970-01-01
https://defiliban.io/policy-changes-impact-local-businesses-9/,1970-01-01
https://defiliban.io/politico-senate-banking-committee-100-plus-amendments-crypto-bill/,1970-01-01
https://defiliban.io/polygon-market-outlook-climbs-shiba-inu-struggles-blockdag-dashboard-v4-leads/,1970-01-01
https://defiliban.io/polymarket-chainalysis-monitor-insider-trading-activity/,1970-01-01
https://defiliban.io/polymarket-fake-trading-volume/,1970-01-01
https://defiliban.io/polymarket-funding-valuation-update/,1970-01-01
https://defiliban.io/polymarket-iran-war-defi-679m/,1970-01-01
https://defiliban.io/polymarket-seeks-cftc-approval-return-main-exchange-us/,1970-01-01
https://defiliban.io/predict-bitcoin-weekly-close-btc-forecast-challenge/,1970-01-01
https://defiliban.io/prenetics-acquires-100-bitcoin/,1970-01-01
https://defiliban.io/prenetics-bitcoin-treasury-strategy/,1970-01-01
https://defiliban.io/presenting-opposing-perspectives/,1970-01-01
https://defiliban.io/press-release/,1970-01-01
https://defiliban.io/printr-v2-five-fee-distribution-models/,1970-01-01
https://defiliban.io/pump-fun-pump-token-buyback/,1970-01-01
https://defiliban.io/qcp-capital-us-iran-talks-collapse-oil-100-btc-risk-off/,1970-01-01
https://defiliban.io/quintenz-winklevoss-cftc-influence/,1970-01-01
https://defiliban.io/rain-series-c-funding-stablecoin/,1970-01-01
https://defiliban.io/rba-tokenization-aud-24-billion/,1970-01-01
https://defiliban.io/remixpoint-buys-19-72-btc-total-holdings-1471-btc/,1970-01-01
https://defiliban.io/resolv-exploit-defi-metrics-week/,1970-01-01
https://defiliban.io/resolvlabs-usr-suspected-exploit-stablecoin-risk/,1970-01-01
https://defiliban.io/revise-headings-for-engagement/,1970-01-01
https://defiliban.io/ricardo-salinas-bitcoin-wealth/,1970-01-01
https://defiliban.io/rick-rieder-fed-chair-consideration/,1970-01-01
https://defiliban.io/rick-rieder-fed-chair-odds/,1970-01-01
https://defiliban.io/rieder-rate-cut-proposal-2025/,1970-01-01
https://defiliban.io/riot-platforms-deposits-another-500-btc-to-nydig/,1970-01-01
https://defiliban.io/ripple-dxc-banking-technology-partnership/,1970-01-01
https://defiliban.io/ripple-fca-approval-uk-expansion/,1970-01-01
https://defiliban.io/ripple-ondo-tokenized-treasuries/,1970-01-01
https://defiliban.io/ripple-sec-lawsuit-settlement/,1970-01-01
https://defiliban.io/ripple-secures-500-million-investment/,1970-01-01
https://defiliban.io/ripple-uc-berkeley-udax-xrp/,1970-01-01
https://defiliban.io/robinhood-crypto-revenue-increase/,1970-01-01
https://defiliban.io/robinhood-lists-sei-cryptocurrency/,1970-01-01
https://defiliban.io/robinhood-lists-sui-token/,1970-01-01
https://defiliban.io/roboforce-52m-funding-physical-ai/,1970-01-01
https://defiliban.io/ronin-treasury-ron-buyback-program/,1970-01-01
https://defiliban.io/rwa-tokenization-market-growth/,1970-01-01
https://defiliban.io/salim-ismail-bitcoin-investment/,1970-01-01
https://defiliban.io/saudi-arabia-financial-markets-foreign-investors/,1970-01-01
https://defiliban.io/saudi-prince-xrp-investment/,1970-01-01
https://defiliban.io/scott-bessent-us-treasury-secretary/,1970-01-01
https://defiliban.io/sec-approves-crypto-etf-standards/,1970-01-01
https://defiliban.io/sec-approves-hashdex-nasdaq-crypto-etf/,1970-01-01
https://defiliban.io/sec-approves-nasdaq-rule-tokenized-stocks-securities-trading/,1970-01-01
https://defiliban.io/sec-chair-bitcoin-mining-rewards-not-securities-washington-dc/,1970-01-01
https://defiliban.io/sec-chair-crypto-legal-framework-struggles-to-keep-pace/,1970-01-01
https://defiliban.io/sec-clarifies-certain-defi-uis-can-operate-without-broker-dealer-registration/,1970-01-01
https://defiliban.io/sec-delay-xrp-etf-decision/,1970-01-01
https://defiliban.io/sec-innovation-exemption-crypto/,1970-01-01
https://defiliban.io/sec-project-crypto-digital-assets/,1970-01-01
https://defiliban.io/sec-project-crypto-regulations-3/,1970-01-01
https://defiliban.io/sei-network-address-growth/,1970-01-01
https://defiliban.io/senate-crypto-market-structure-bill/,1970-01-01
https://defiliban.io/senate-deal-boosts-cryptocurrency-prices/,1970-01-01
https://defiliban.io/senate-vote-clarity-act-2025/,1970-01-01
https://defiliban.io/senate-vote-clarity-act-digital-commodities/,1970-01-01
https://defiliban.io/senator-cynthia-lummis-bitcoin-crypto-market-structure-legislation/,1970-01-01
https://defiliban.io/senator-lummis-gold-revaluation-bitcoin-reserve/,1970-01-01
https://defiliban.io/senator-lummis-strategic-bitcoin-reserve/,1970-01-01
https://defiliban.io/sharplink-gaming-ether-accumulation/,1970-01-01
https://defiliban.io/sharplink-gaming-ethereum-withdrawal/,1970-01-01
https://defiliban.io/sharplink-gaming-stock-buyback/,1970-01-01
https://defiliban.io/sharplink-tokenized-equity-ethereum/,1970-01-01
https://defiliban.io/sharplink-tokenizes-sbet-stock/,1970-01-01
https://defiliban.io/sharps-technology-solana-treasury/,1970-01-01
https://defiliban.io/shiba-inu-golden-cross-predictions/,1970-01-01
https://defiliban.io/shiba-inu-token-burn-target/,1970-01-01
https://defiliban.io/shiba-inu-unity-nodes-partnership/,1970-01-01
https://defiliban.io/shibs-price-outlook-bonk-forecast-blockdags-rapid-395m-rise/,1970-01-01
https://defiliban.io/short-ethereum-long-bitcoin/,1970-01-01
https://defiliban.io/silver-market-cap-growth/,1970-01-01
https://defiliban.io/silver-prices-surge-december-2025/,1970-01-01
https://defiliban.io/smarter-web-company-buys-25-bitcoin-holdings-2830-btc/,1970-01-01
https://defiliban.io/snb-invests-microstrategy-bitcoin/,1970-01-01
https://defiliban.io/sol-forward-industries-solana-treasury-strategy/,1970-01-01
https://defiliban.io/sol-holds-strong-xrp-correlates-with-btc-blockdag-surges-past-410m/,1970-01-01
https://defiliban.io/sol-weakens-further-bnb-gains-strength-bdag-nears-0-0015-close/,1970-01-01
https://defiliban.io/solana-alpenglow-finality-update/,1970-01-01
https://defiliban.io/solana-dips-below-200-polygon-stalls-blockdag-hits-395m-milestone/,1970-01-01
https://defiliban.io/solana-ethereum-vs-blockdag-awakening-testnet-signals-best-crypto-to-buy-now/,1970-01-01
https://defiliban.io/solana-genesis-wallets-reactivate/,1970-01-01
https://defiliban.io/solana-price-increase-speculation/,1970-01-01
https://defiliban.io/solana-price-predictions-2026/,1970-01-01
https://defiliban.io/solana-rwa-ecosystem-tvl/,1970-01-01
https://defiliban.io/solana-tokenization-initiative-hong-kong/,1970-01-01
https://defiliban.io/solana-tron-blockdag-outlook-2900-roi-sparks-crypto-buzz/,1970-01-01
https://defiliban.io/solana-vs-blockdag-which-is-the-best-crypto-to-buy-now/,1970-01-01
https://defiliban.io/solana-xrp-blockdag-trail-top-crypto-coins/,1970-01-01
https://defiliban.io/sonic-labs-s-tokens-expansion/,1970-01-01
https://defiliban.io/south-korea-corporate-crypto-investments/,1970-01-01
https://defiliban.io/south-korea-crypto-account-freeze/,1970-01-01
https://defiliban.io/south-korea-crypto-tax-seizures/,1970-01-01
https://defiliban.io/south-korea-stablecoin-regulation-delay/,1970-01-01
https://defiliban.io/south-korean-bitcoin-loss/,1970-01-01
https://defiliban.io/sp500-futures-near-7000/,1970-01-01
https://defiliban.io/sp500-index-record-high-december/,1970-01-01
https://defiliban.io/spacex-bitcoin-transaction-2025/,1970-01-01
https://defiliban.io/spacex-bitcoin-transfer-management/,1970-01-01
https://defiliban.io/spot-bitcoin-etf-outflow-march-24-2026-2/,1970-01-01
https://defiliban.io/spot-bitcoin-etf-outflow-march-24-2026/,1970-01-01
https://defiliban.io/spot-bitcoin-etfs-52-1-million-net-outflow-march-20/,1970-01-01
https://defiliban.io/spot-xrp-etf-launch/,1970-01-01
https://defiliban.io/square-bitcoin-payment-tools/,1970-01-01
https://defiliban.io/stablecoin-impact-on-monetary-policy/,1970-01-01
https://defiliban.io/stablecoin-regulation-genius-act/,1970-01-01
https://defiliban.io/stablecoins-impact-on-banking/,1970-01-01
https://defiliban.io/standard-chartered-bitcoin-forecast/,1970-01-01
https://defiliban.io/standard-chartered-bitcoin-price-forecast/,1970-01-01
https://defiliban.io/standard-chartered-decard-stablecoin-payments/,1970-01-01
https://defiliban.io/standard-chartered-ethereum-price-forecast/,1970-01-01
https://defiliban.io/standard-chartered-sc-ventures-gsr-strategic-stake/,1970-01-01
https://defiliban.io/steak-n-shake-bitcoin-payments/,1970-01-01
https://defiliban.io/steak-n-shake-bitcoin-reserve/,1970-01-01
https://defiliban.io/stellar-slides-ondo-builds-blockdags-buyer-battles-drive-presale-to-388m/,1970-01-01
https://defiliban.io/strategy-acquires-1229-bitcoin/,1970-01-01
https://defiliban.io/strategy-acquires-397-btc/,1970-01-01
https://defiliban.io/strategy-acquires-additional-bitcoin/,1970-01-01
https://defiliban.io/strategy-bitcoin-adoption-milestone/,1970-01-01
https://defiliban.io/strategy-bought-3273-btc-for-255-million-total-holdings-818334-btc/,1970-01-01
https://defiliban.io/strategy-ceo-phong-le-bitcoin-sales-specific-conditions/,1970-01-01
https://defiliban.io/strategy-ceo-phong-le-morgan-stanley-msbt-massive-bitcoin-bet/,1970-01-01
https://defiliban.io/strategy-estimated-buy-617-btc-via-strc-today/,1970-01-01
https://defiliban.io/strategy-inc-acquires-bitcoin/,1970-01-01
https://defiliban.io/strategy-q1-2026-net-loss-12-54-billion-unrealized-bitcoin-loss/,1970-01-01
https://defiliban.io/strategy-strc-blackrock-pff/,1970-01-01
https://defiliban.io/strive-asset-management-bitcoin-acquisition/,1970-01-01
https://defiliban.io/strive-asst-sata-options/,1970-01-01
https://defiliban.io/sui-blockchain-institutional-investment/,1970-01-01
https://defiliban.io/sui-expands-avax-breaks-out-blockdag-ships-hardware-worldwide/,1970-01-01
https://defiliban.io/sui-group-acquires-20-million-tokens/,1970-01-01
https://defiliban.io/sui-struggles-and-shib-leans-on-hype-and-blockdag-presale-surges-past-388m/,1970-01-01
https://defiliban.io/supreme-court-trump-tariff-decision/,1970-01-01
https://defiliban.io/supreme-court-trump-tariffs/,1970-01-01
https://defiliban.io/sustainability-initiative-2024/,1970-01-01
https://defiliban.io/swedbank-ab-increases-stake-in-strategy-mstr-by-2852-shares/,1970-01-01
https://defiliban.io/swiss-finia-amendments-crypto-regulation/,1970-01-01
https://defiliban.io/taiwan-lawmaker-bitcoin-reserve-foreign-exchange-reserves/,1970-01-01
https://defiliban.io/tariff-impact-on-us-inflation/,1970-01-01
https://defiliban.io/td-cowen-cryptocurrency-market-delay/,1970-01-01
https://defiliban.io/tesla-stock-price-prediction-2026/,1970-01-01
https://defiliban.io/tether-ceo-bitcoin-gold-strategy/,1970-01-01
https://defiliban.io/tether-commodity-trade-finance/,1970-01-01
https://defiliban.io/tether-funding-raise-institutional-investors/,1970-01-01
https://defiliban.io/tether-launches-tether-wallet-bitcoin-usdt-gold-gasless-transfers/,1970-01-01
https://defiliban.io/tether-profit-report-2025/,1970-01-01
https://defiliban.io/tether-reverses-usdt-token-freeze/,1970-01-01
https://defiliban.io/tether-treasury-transfers-300m-usdt-to-bitfinex/,1970-01-01
https://defiliban.io/tether-usat-token-launch/,1970-01-01
https://defiliban.io/the-4-best-crypto-to-invest-in-now-blockdag-binance-coin-dogecoin-and-polkadot/,1970-01-01
https://defiliban.io/thopen-bitcoin-mining-solar-energy/,1970-01-01
https://defiliban.io/tim-draper-bitcoin-investment-urge/,1970-01-01
https://defiliban.io/tmtg-bitcoin-investment-strategy/,1970-01-01
https://defiliban.io/token-launch-failure-rates-record-levels-21shares-ethcc/,1970-01-01
https://defiliban.io/tokenized-securities-platform-nyse/,1970-01-01
https://defiliban.io/tom-lee-bitmine-buys-40000-eth-falconx/,1970-01-01
https://defiliban.io/tom-lee-ethereum-prediction/,1970-01-01
https://defiliban.io/ton-catchain-2-mainnet-april/,1970-01-01
https://defiliban.io/toncoin-weakens-cardano-faces-pressure-bdag-hits-430m/,1970-01-01
https://defiliban.io/top-2025-crypto-buys-blockdag-xrp-more/,1970-01-01
https://defiliban.io/top-4-altcoins-to-buy-today-blockdag-leads-with-2049-bonus-followed-by-arb-uni-aave/,1970-01-01
https://defiliban.io/top-5-crypto-news-24-hours-bitcoin-price-drops-trump-iran-threat/,1970-01-01
https://defiliban.io/top-5-crypto-news-24-hours-metaplanet-circle/,1970-01-01
https://defiliban.io/top-5-crypto-news-last-24-hours-blockstream-quantum-security/,1970-01-01
https://defiliban.io/top-5-crypto-news-last-24-hours-mantle-lending-1-35b/,1970-01-01
https://defiliban.io/top-5-crypto-news-last-24-hours-mastercard-kraken/,1970-01-01
https://defiliban.io/top-5-crypto-news-last-24-hours/,1970-01-01
https://defiliban.io/top-altcoins-to-buy-before-2025s-big-market-rally-blockdag-bittensor-binance-coin-solana/,1970-01-01
https://defiliban.io/top-crypto-coins-for-2025-bitcoin-cash-dips-to-475-arbitrum-holds-while-blockdag-presale-kicks-into-high-gear-with-f1-deal/,1970-01-01
https://defiliban.io/top-crypto-coins-in-2025-blockdag-solana-near-xrp-take-the-lead/,1970-01-01
https://defiliban.io/top-crypto-coins-to-invest-why-blockdag-cro-ltc-shib-matter/,1970-01-01
https://defiliban.io/top-crypto-presales-before-the-next-surge-solana-cardano-magacoin-finance-ranked-as-best-buys/,1970-01-01
https://defiliban.io/top-crypto-to-buy-in-2025-blockdag-cardano-near-vechain-price-updates/,1970-01-01
https://defiliban.io/top-crypto-to-buy-in-2025-blockdag-memecore-myx-finance-aptos-show-strength/,1970-01-01
https://defiliban.io/trader-hxirsk-sells-another-47401-sol-after-1604m-buy/,1970-01-01
https://defiliban.io/traders-pivot-to-blockdag-as-bitcoin-swift-presale-reaches-final-stage/,1970-01-01
https://defiliban.io/treasury-bv-secures-bitcoin-funding/,1970-01-01
https://defiliban.io/trend-research-transferred-0-852-eth-to-garrett-jin/,1970-01-01
https://defiliban.io/trump-backed-wlfi-token-decline/,1970-01-01
https://defiliban.io/trump-endorses-bitcoin-crypto-summit/,1970-01-01
https://defiliban.io/trump-lawsuit-federal-reserve-powell/,1970-01-01
https://defiliban.io/trump-lawsuit-jpmorgan-debanking/,1970-01-01
https://defiliban.io/trump-meme-team-wallet-transfers-4-915m-trump-3s7zwp/,1970-01-01
https://defiliban.io/trump-oil-prices-drop-like-a-rock-iran-war/,1970-01-01
https://defiliban.io/trump-pardons-binance-founder/,1970-01-01
https://defiliban.io/trump-rate-cut-bitcoin-impact/,1970-01-01
https://defiliban.io/trump-tariff-case-supreme-court/,1970-01-01
https://defiliban.io/trump-tariffs-supreme-court-decision/,1970-01-01
https://defiliban.io/trump-threatens-french-wine-tariff/,1970-01-01
https://defiliban.io/trust-wallet-ai-agents-crypto-trading-220-million-users/,1970-01-01
https://defiliban.io/trust-wallet-hack-user-security/,1970-01-01
https://defiliban.io/uk-adults-crypto-retirement-plans/,1970-01-01
https://defiliban.io/uk-cryptocurrency-tax-evasion/,1970-01-01
https://defiliban.io/uncategorized/,1970-01-01
https://defiliban.io/unified-labs-joins-morpho-risk-curator/,1970-01-01
https://defiliban.io/uniswap-burns-100-million-uni-tokens/,1970-01-01
https://defiliban.io/uniswap-dao-votes-proposal-reclaim-42m-uni-delegation-loans/,1970-01-01
https://defiliban.io/uniswap-treasury-burn-uni-tokens/,1970-01-01
https://defiliban.io/university-tampa-bitcoin-course/,1970-01-01
https://defiliban.io/upbit-ethfi-krw-listing-etherfi/,1970-01-01
https://defiliban.io/upbit-list-up2-krw-btc-usdt-trading-pairs/,1970-01-01
https://defiliban.io/upbit-partners-with-optimism-to-launch-giwa-chain-on-op-stack/,1970-01-01
https://defiliban.io/us-bitcoin-reserve-legal-challenges/,1970-01-01
https://defiliban.io/us-bitcoin-spot-etf-net-inflow-march-23-sosovalue/,1970-01-01
https://defiliban.io/us-bitcoin-spot-etf-net-outflow-225-million-march-27/,1970-01-01
https://defiliban.io/us-bitcoin-spot-etfs-202-million-net-inflow-march-16/,1970-01-01
https://defiliban.io/us-china-economic-talks/,1970-01-01
https://defiliban.io/us-china-positive-trade-talks/,1970-01-01
https://defiliban.io/us-commerce-data-blockchain/,1970-01-01
https://defiliban.io/us-forces-detain-maduro-bitcoin/,1970-01-01
https://defiliban.io/us-gdp-growth-q2-2025/,1970-01-01
https://defiliban.io/us-government-crypto-assets/,1970-01-01
https://defiliban.io/us-government-shutdown-cryptocurrency/,1970-01-01
https://defiliban.io/us-m2-money-stock-july-2025/,1970-01-01
https://defiliban.io/us-revises-tariff-terms/,1970-01-01
https://defiliban.io/us-spot-bitcoin-etfs-186m-inflows-april-15/,1970-01-01
https://defiliban.io/us-tariffs-european-goods-2026/,1970-01-01
https://defiliban.io/us-treasury-bitcoin-reserve-rumors/,1970-01-01
https://defiliban.io/us-treasury-note-yield-accuracy/,1970-01-01
https://defiliban.io/usdt-tether-launches-self-custodial-tether-wallet-for-end-users/,1970-01-01
https://defiliban.io/utk-support-rebranding-airdrop-plan-binance-spot-delisting/,1970-01-01
https://defiliban.io/vaneck-bitcoin-adoption-continues-to-grow-despite-war/,1970-01-01
https://defiliban.io/vaneck-solana-spot-etf-launch/,1970-01-01
https://defiliban.io/vanguard-bitcoin-etf-trading-reversal/,1970-01-01
https://defiliban.io/visa-bvnk-stablecoin-integration/,1970-01-01
https://defiliban.io/visa-usdc-payments-pilot/,1970-01-01
https://defiliban.io/vitalik-buterin-ethereum-price-surge/,1970-01-01
https://defiliban.io/wallet-0x8315-withdraws-10899-eth-binance/,1970-01-01
https://defiliban.io/wallet-possibly-linked-to-ethereum-foundation-transfers-1744-eth-to-kraken/,1970-01-01
https://defiliban.io/walmart-onepay-bitcoin-ethereum/,1970-01-01
https://defiliban.io/wazirx-resumes-trading-after-hack/,1970-01-01
https://defiliban.io/wazirx-zero-fees-trading-resumption/,1970-01-01
https://defiliban.io/wealthiest-families-parking-money-in-bitcoin/,1970-01-01
https://defiliban.io/week-on-chain-14-2026-bitcoin-bouncing-in-a-bear/,1970-01-01
https://defiliban.io/weixin-chen-cathay-bank-fraud/,1970-01-01
https://defiliban.io/western-union-solana-based-stablecoin-usdpt-goes-live/,1970-01-01
https://defiliban.io/western-union-usdpt-stablecoin-solana/,1970-01-01
https://defiliban.io/whale-0x049b-20x-long-eth-btc-40-million/,1970-01-01
https://defiliban.io/whale-bc1qfs-buys-bitcoin-daily-since-mar-10/,1970-01-01
https://defiliban.io/whale-btc-40x-long-liquidated/,1970-01-01
https://defiliban.io/whale-capital-shifts-aster-xpl/,1970-01-01
https://defiliban.io/whale-investor-chainlink-acquisition/,1970-01-01
https://defiliban.io/whale-investor-pump-token-acquisition/,1970-01-01
https://defiliban.io/whale-moves-3-trillion-shib/,1970-01-01
https://defiliban.io/whale-moves-eth-cbbtc-falconx-coinbase/,1970-01-01
https://defiliban.io/whale-pump-token-acquisition-solana/,1970-01-01
https://defiliban.io/whale-pump-token-purchase/,1970-01-01
https://defiliban.io/whale-purchase-pump-tokens-solana/,1970-01-01
https://defiliban.io/whale-purchase-pump-tokens/,1970-01-01
https://defiliban.io/whale-transfer-solana-market-volatility/,1970-01-01
https://defiliban.io/whales-acquire-320-million-xrp/,1970-01-01
https://defiliban.io/whales-move-from-xrp-and-fil-to-blockdags-0-0015-batch-31/,1970-01-01
https://defiliban.io/whales-moving-aster-xpl-tokens/,1970-01-01
https://defiliban.io/while-ripple-plays-the-long-game-zero-knowledge-proof-just-became-2025s-fastest-growing-crypto-with-100x-potential-2/,1970-01-01
https://defiliban.io/while-ripple-plays-the-long-game-zero-knowledge-proof-just-became-2025s-fastest-growing-crypto-with-100x-potential/,1970-01-01
https://defiliban.io/why-blockdag-leads-as-the-top-crypto-presale-over-maxi-and-hyper/,1970-01-01
https://defiliban.io/why-zero-knowledge-proofs-zkp-fair-auction-mechanism-marks-a-turning-point-in-the-presale-crypto-market-next-500x-crypto/,1970-01-01
https://defiliban.io/windtree-therapeutics-nasdaq-delisting/,1970-01-01
https://defiliban.io/with-430m-raised-binance-ama-ahead-blockdag-redefines-strength-trust-and-value-as-the-best-presale-crypto-to-buy-now/,1970-01-01
https://defiliban.io/wlfi-blacklist-wallet-addresses/,1970-01-01
https://defiliban.io/wlfi-token-buyback-burn/,1970-01-01
https://defiliban.io/wlfi-token-launch-september-2025/,1970-01-01
https://defiliban.io/world-liberty-financial-launches-webapp/,1970-01-01
https://defiliban.io/worldcoin-30m-wld-bitgo-custody-wallet-153-65m-balance/,1970-01-01
https://defiliban.io/worldcoin-wld-otc-sale-usdc/,1970-01-01
https://defiliban.io/x-revokes-api-access-kaito-token/,1970-01-01
https://defiliban.io/xlms-forecast-adas-growth-blockdags-405m-presale/,1970-01-01
https://defiliban.io/xrp-and-link-forecasts-blockdag-presale-best-crypto-2025/,1970-01-01
https://defiliban.io/xrp-bullish-analysis-sol-price-targets-why-blockdags-x1-app-is-the-best-crypto-pick/,1970-01-01
https://defiliban.io/xrp-bullish-pattern-emerges-shib-and-pepe-join-momentum-watchlists/,1970-01-01
https://defiliban.io/xrp-etfs-first-outflow/,1970-01-01
https://defiliban.io/xrp-etfs-total-net-assets/,1970-01-01
https://defiliban.io/xrp-evernorth-s-4-nasdaq-listing-arm-merger/,1970-01-01
https://defiliban.io/xrp-faces-276-sol-holds-190-bdag-starts-shipping-miners/,1970-01-01
https://defiliban.io/xrp-market-cap-drop-etf-launch/,1970-01-01
https://defiliban.io/xrp-price-prediction-2026/,1970-01-01
https://defiliban.io/xrp-price-recovery-challenges/,1970-01-01
https://defiliban.io/xrp-price-recovery-delays/,1970-01-01
https://defiliban.io/xrp-ripple-kyobo-tokenized-bond-settlements-korea/,1970-01-01
https://defiliban.io/xrp-sol-outlook-weak-blockdags-405m-presale-signals-power/,1970-01-01
https://defiliban.io/xrp-stalls-doge-eyes-025-as-blockdags-over-405m-presale-leads/,1970-01-01
https://defiliban.io/xrp-targets-5-cardano-eyes-2-blockdags-15-projection/,1970-01-01
https://defiliban.io/xrp-targets-5-dot-faces-3-90-barrier-blockdag-moves-toward-410m/,1970-01-01
https://defiliban.io/xrpc-etf-launch-record-inflows/,1970-01-01
https://defiliban.io/xrpl-defi-meme-coins-shift/,1970-01-01
https://defiliban.io/yuga-labs-settles-lawsuit-ryder-ripps-jeremy-kahan-copied-nfts/,1970-01-01
https://defiliban.io/zcash-shielded-supply-4-5-million/,1970-01-01
https://defiliban.io/zero-knowledge-proof-draws-buyers-with-an-anti-whale-design-and-700x-outlook-while-litecoin-and-bnb-trade-sideways/,1970-01-01
https://defiliban.io/zero-knowledge-proof-zkp-becomes-2025s-hottest-new-opportunity-as-eth-link-traders-seek-clarity/,1970-01-01
https://defiliban.io/zero-knowledge-proofs-shot-at-3000x-gains-why-the-most-popular-crypto-now-destroys-pepe-and-xrp-predictions/,1970-01-01